{
  "product" : {
    "transaction" : "product",
    "sampleCount" : 100,
    "errorCount" : 0,
    "errorPct" : 0.0,
    "meanResTime" : 6951.259999999999,
    "medianResTime" : 5744.0,
    "minResTime" : 117.0,
    "maxResTime" : 17331.0,
    "pct1ResTime" : 14652.7,
    "pct2ResTime" : 15761.849999999993,
    "pct3ResTime" : 17321.069999999996,
    "throughput" : 0.47854674923193247,
    "receivedKBytesPerSec" : 150.22579742338465,
    "sentKBytesPerSec" : 0.2589012686274322
  },
  "Test" : {
    "transaction" : "Test",
    "sampleCount" : 100,
    "errorCount" : 1,
    "errorPct" : 1.0,
    "meanResTime" : 161237.74000000005,
    "medianResTime" : 158632.0,
    "minResTime" : 127096.0,
    "maxResTime" : 320996.0,
    "pct1ResTime" : 175621.30000000002,
    "pct2ResTime" : 181601.84999999995,
    "pct3ResTime" : 320058.8299999995,
    "throughput" : 0.3091801778404383,
    "receivedKBytesPerSec" : 645.5207654586225,
    "sentKBytesPerSec" : 0.7726485108336735
  },
  "Total" : {
    "transaction" : "Total",
    "sampleCount" : 500,
    "errorCount" : 1,
    "errorPct" : 0.2,
    "meanResTime" : 32247.545999999973,
    "medianResTime" : 20965.5,
    "minResTime" : 117.0,
    "maxResTime" : 318589.0,
    "pct1ResTime" : 74303.30000000002,
    "pct2ResTime" : 90092.64999999998,
    "pct3ResTime" : 131083.02000000008,
    "throughput" : 1.3218770654329146,
    "receivedKBytesPerSec" : 551.9752922587575,
    "sentKBytesPerSec" : 0.660680353602115
  },
  "taaga" : {
    "transaction" : "taaga",
    "sampleCount" : 100,
    "errorCount" : 0,
    "errorPct" : 0.0,
    "meanResTime" : 20383.600000000006,
    "medianResTime" : 21148.5,
    "minResTime" : 406.0,
    "maxResTime" : 62037.0,
    "pct1ResTime" : 34877.3,
    "pct2ResTime" : 38512.99999999999,
    "pct3ResTime" : 61947.83999999995,
    "throughput" : 0.41696549193588733,
    "receivedKBytesPerSec" : 203.06857935687242,
    "sentKBytesPerSec" : 0.20603958878863185
  },
  "cart" : {
    "transaction" : "cart",
    "sampleCount" : 100,
    "errorCount" : 0,
    "errorPct" : 0.0,
    "meanResTime" : 5687.189999999999,
    "medianResTime" : 4482.5,
    "minResTime" : 707.0,
    "maxResTime" : 25363.0,
    "pct1ResTime" : 11844.500000000002,
    "pct2ResTime" : 15163.399999999992,
    "pct3ResTime" : 25294.159999999963,
    "throughput" : 0.5045459590914136,
    "receivedKBytesPerSec" : 139.00688563330607,
    "sentKBytesPerSec" : 0.25079481755618116
  },
  "home" : {
    "transaction" : "home",
    "sampleCount" : 100,
    "errorCount" : 0,
    "errorPct" : 0.0,
    "meanResTime" : 64662.72,
    "medianResTime" : 56247.5,
    "minResTime" : 24096.0,
    "maxResTime" : 318589.0,
    "pct1ResTime" : 101085.8,
    "pct2ResTime" : 118492.29999999994,
    "pct3ResTime" : 317204.19999999925,
    "throughput" : 0.31162550093799274,
    "receivedKBytesPerSec" : 111.97175034493047,
    "sentKBytesPerSec" : 0.15063928023858048
  },
  "women" : {
    "transaction" : "women",
    "sampleCount" : 100,
    "errorCount" : 1,
    "errorPct" : 1.0,
    "meanResTime" : 63552.959999999985,
    "medianResTime" : 59293.5,
    "minResTime" : 579.0,
    "maxResTime" : 186451.0,
    "pct1ResTime" : 93411.8,
    "pct2ResTime" : 110720.54999999992,
    "pct3ResTime" : 185805.26999999967,
    "throughput" : 0.34213767620090324,
    "receivedKBytesPerSec" : 223.1033310577614,
    "sentKBytesPerSec" : 0.16538881808539757
  }
}